s-97	1	 	Whose sister always drinks milk?
s-97	1	 	Who always drinks milk?
s-97	1		The book which inspired them was very long.
s-97	0	*	The book what inspired them was very long.
s-97	1		I know the person whose mother died.
s-97	1		I know the person whose mother's dog died.
s-97	1		The person whose mother's dog we were all fond of.
s-97	1		I know the person to whom they dedicated the building.
s-97	1		I wonder what inspired them.
s-97	1		I wonder whose mother died.
s-97	1		I wonder whose mother's dog died.
s-97	1		I wonder whose mother's dog we were all fond of.
s-97	1		I wonder to whom they dedicated the building.
s-97	1		Give me the phone number of the person whose mother's dog died.
s-97	1		This is the senator to whose mother's friend's sister's I sent the letter.
s-97	1		My uncle from Iowa, whose talking to Sandy yesterday annoyed John, is arriving on Tuesday.
s-97	0	*	My uncle from Iowa, whom talking to Sandy yesterday annoyed John, is arriving on Tuesday.
s-97	0	*	I want goes to the store.
s-97	0	*	Goes to the store is bothering them.
s-97	0	*	I want to be raining.
s-97	0	*	I'm looking for a yard in which to be a party.
s-97	0	*	I wonder what to be a clown on the cover of.
s-97	0	*	Bother you that Kim left!
s-97	0	*	Bother yourself that Kim left!
s-97	0	*	Kim read which book.
s-97	0	*	I think that who went home.
s-97	0	*	A student who to talk to us just walked in.
s-97	0	*	A student whom to talk to us just walked in.
s-97	1		I ran into the baker whose bagels I like.
s-97	1		I ran into the baker from whom I bought these bagels.
s-97	1		Whose bagels do you like?
s-97	1		From whom did you buy these bagels?
s-97	1		I can find the baker in whom to place your trust.
s-97	1		I wonder in whom to place my trust.
s-97	1		I wonder who to trust.
s-97	0	*	These bagels, likes.
s-97	0	*	I ran into the baker whose bagels likes.
s-97	0	*	I ran into the baker from whom bought these bagels.
s-97	1		There were several old rocks songs that she and I were the only two who knew.
s-97	0	*	When did you wonder what you should say to Sandy?
s-97	0	*	It was to to amuse us that Kim was singing that they wanted.
s-97	0	*	It was to amuse us that they wanted.
s-97	0	*	It was to show us that Kim was singing that they wanted.
s-97	0	*	What they feared most was to be no one available to help them.
s-97	0	*	We tried to amuse them that Kim was singing.
s-97	0	*	They persuaded us to be no one available.
s-97	1		I prefer for Sandy to do the washing and Kim to do the drying.
s-97	1		Kim gave a book to Sandy and a record to Dana.
s-97	1		Joan offered, and Mary actually gave, a gold Cadillac to Billy.
s-97	1		Mary asked me if, in St. Louis, John could rent a house cheap.
s-97	1		He doesn't intend that, in these circumstances, we be rehired.
s-97	0	*	Mary arranged for, in St. Louis, John to rent a house cheap.
s-97	0	*	He doesn't intend for, in these circumstances, us to be rehired.
s-97	1		It would be unwise for there to be no fire exit.
s-97	1		I believe there to be no way out.
s-97	1		There seems to be no way out.
s-97	1		It seems to be raining.
s-97	0	*	I wonder in whom them to place their trust.
s-97	0	*	I wonder in whom for them to place their trust.
s-97	0	*	I wonder whom for us to trust.
s-97	0	*	I wonder whom us to trust.
s-97	0	*	I wonder who for us to trust.
s-97	0	*	I wonder who us to trust.
s-97	1		I wonder in whom to place my trust.
s-97	1		I wonder who to place my trust in.
s-97	0	*	I ran into the baker who to place your trust in.
s-97	0	*	I ran into the baker whom to place your trust in.
s-97	1		I know the people that voted in the election.
s-97	1		I threw away a book that Sandy thought we had read.
s-97	1		I supported each argument that Sandy thought was unconvincing.
s-97	1		I thought that you were sick.
s-97	0	*	I dislike all the people that I thought that voted in the election.
s-97	0	*	Every essay she's written and which I've read is on that pile.
s-97	0	*	Every essay she's written and that I've read is on that pile.
s-97	1		Every essay which she's written and that I've read is on that pile.
s-97	1		Every essay that she's written and which I've read is on that pile.
s-97	0	*	I dislike the person with what we were talking.
s-97	0	*	I dislike the people in who we placed our trust.
s-97	0	*	I dislike the person with who we were talking.
s-97	1		I dislike the company in which we placed our trust.
s-97	1		I dislike the people in whose house we stayed.
s-97	1		I dislike the person with whom we were talking.
s-97	0	*	Jones, that we were talking to last night, always watches football games alone.
s-97	1		A letter was received that Jones would be upset by.
s-97	0	*	A letter was received Jones would be upset by.
s-97	1		I saw someone yesterday I hadn't seen for years.
s-97	1		Something happened I couldn't really talk about.
s-97	1		The people who take this course who Dana likes usually.
s-97	1		The only person that I like whose kids Dana is willing to put up with is Pat.
s-97	1		The book that I like which everyone else in the class hates was written by John.
s-97	0	*	The only person whose kids Dana is willing to put up with was written by John.
s-97	1		The person I like which everyone else in the class hates is Pat.
s-97	0	*	The book that I like - everyone else in the class hates.
s-97	1		The only person whose kids Dana is willing to put up with is Pat.
s-97	1		The only person Dana is willing to put up with who I like is Pat.
s-97	1		Which book's, author did you meet?
s-97	0	*	Which boy's, mother, did you meet who you liked?
s-97	0	*	Which book's, author did you meet who you liked?
s-97	1		Which boy's, mother, did you meet?
s-97	1		The only person whose kids Dana is willing to put up with is Pat.
s-97	1		Who that you like does Sandy also like?
s-97	1		Who whose parents attended the meeting is still enrolled in school?
s-97	1		All who lost money in the scam are eligible for the program.
s-97	0	*	Who you like does Sandy also like?
s-97	0	*	Who for Sandy to talk to is still enrolled in the class?
s-97	1		Who that you like does Sandy also like?
s-97	1		Who who you like does Sandy also like?
s-97	1		Everything you like is on the table.
s-97	1		The only person for us to visit whose kids Dana is willing to put up with is Sue.
s-97	1		One book for us to read that Leslie praised was Sense and Sensibility.
s-97	0	*	One book that Leslie praised for us to read was Sense and Sensibility.
s-97	1		The bills passed by the House yesterday that we objected to were vetoed.
s-97	1		The bills that we objected to passed by the House last week were vetoed.
s-97	1		The only people who were at Harvard being added to our group were students.
s-97	1		The only people being added to our group who were at Harvard were students.
clc95	1		Somebody just left - guess who.
clc95	1		They claimed they had settled on something, but it wasn't clear what.
clc95	1		Somebody just left - guess who just left.
clc95	1		They claimed they had settled on something, but it wasn't clear what they had settled on.
clc95	1		This opera was written in the 19th century, but we're not sure by whom.
clc95	1		If Sam was going, Sally would know where.
clc95	1		He's going to give us one old problem for the test, but which problem isn't clear.
clc95	1		She's reading something. I can't imagine what.
clc95	1		They're going to serve the guests something, but it's unclear what.
clc95	1		If Sam was going somewhere, Sally would know where.
clc95	1		She's reading. I can't imagine what.
clc95	1		They're going to serve the guests, but it's unclear what.
clc95	1		John said Joan saw someone from her graduating class.
clc95	1		Joan ate dinner but I don't know with whom.
clc95	0	*	John ate dinner but I don't know who.
clc95	0	*	She mailed John a letter, but I don't know to whom.
clc95	1		I served leek soup to my guests.
clc95	1		I served leek soup.
clc95	1		I served my guests leek soup.
clc95	1		I served my guests.
clc95	1		She served the soup, but I don't know to whom.
clc95	0	*	She served the soup, but I don't know who.
clc95	1		She served the students, but I don't know what.
clc95	1		She was reading, but I couldn't make out what.
clc95	0	*	She was bathing, but I couldn't make out who.
clc95	0	*	She knew French for Tom.
clc95	0	*	The ship sank with a torpedo.
clc95	0	*	They noticed the painting for an hour.
clc95	0	*	John is tall on several occasions.
clc95	0	*	She knew French, but I don't know for whom.
clc95	0	*	The ship sank, but I don't know with what.
clc95	0	*	They noticed the painting, but I don't know for how long.
clc95	0	*	John was tall, but I don't know on what occasions.
clc95	1		Joan ate dinner with someone but I don't know who.
clc95	1		Joan ate dinner with someone but I don't know who with.
clc95	0	*	I know that Meg's attracted to Harry, but they don't know who.
clc95	0	*	Since Jill said Joe had invited Sue, we didn't have to ask who.
clc95	1		I know that Meg's attracted to Harry, but they don't know who.
clc95	1		Since Jill said Joe had invited Sue, we didn't have to ask who.
clc95	1		Because we suspected Joe had given it to Max, we then asked who he had given it to.
clc95	0	*	She said she had spoken to everybody, but he wasn't sure who.
clc95	0	*	Each of the performers came in, but were sitting so far back that we couldn't see who.
clc95	1		She didn't talk to one student.
clc95	1		She didn't talk to one student; I wonder who.
clc95	0	*	She doesn't meet anyone for dinner, but they can't figure out who.
clc95	1		Everyone relies on someone. It's unclear who.
clc95	1		Each student wrote a paper on a Mayan language, but I don't remember which one.
clc95	1		The newspaper has reported that they are about to appoint someone, but I can't remember who.
clc95	1		The newspaper has reported that they are about to appoint someone, but I can't remember who the newspaper has reported that they are about to appoint.
clc95	1		The newspaper has reported that they are about to appoint someone, but I can't remember who they are about to appoint.
clc95	1		Most columnists claim that a senior White House official has been briefing them.
clc95	1		Most columnists claim that a senior White House official has been briefing them, and the newspaper today reveals which one.
clc95	1		Most columnists claim that a senior White House official has been briefing them, but none will reveal which one.
clc95	1		Most columnists claim that a senior White House official has been briefing them, but none will reveal which one has been briefing them.
clc95	1		We know how many papers this reviewer has read, but we don't know which ones.
clc95	1		Bill wondered how many papers Sandy had read, but he didn't care which ones.
clc95	1		I never know which papers Sandy has read, but I usually know how many.
clc95	1		Sandy had read how many papers?!
clc95	1		Everybody gets on well with a certain relative, but often only his therapist knows which one.
clc95	1		Which book did each author recommend?
clc95	1		His or her least known work.
clc95	1		Joan said she talked to some students but I don't know who.
clc95	1		John read three of the books but I don't know which ones.
clc95	1		They were going to meet sometime on Sunday, but the faculty didn't know when.
clc95	1		We should put them in the dinning room but it's not clear where.
clc95	1		We should put them somewhere in the dinning room but it's not clear where.
clc95	1		They were going to meet sometime on Sunday, but the faculty didn't know when they were going to meet.
clc95	1		She served the soup, but I don't know to whom.
clc95	0	*	She served the soup, but I don't know who.
clc95	1		She served the students, but I don't know what.
clc95	1		John likes some students, but I don't know who.
clc95	1		I don't know who John likes.
clc95	1		I don't know who the students John likes are.
clc95	1		John likes some students, but I don't know who.
clc95	0	*	John likes some students, but I don't know who John likes some students.
clc95	0	*	Joan said she talked to the students, but Fred couldn't figure out who.
clc95	0	*	He announced he had eaten the asparagus, but we didn't know what.
clc95	1		He announced he had eaten the asparagus, but we didn't know which asparagus.
clc95	1		She was reading the books under the table, but Fred didn't know what books.
clc95	1		He announced he would marry the woman he loved most, but none of his relatives could figure out who.
clc95	1		She read until midnight, and I wonder what she read.
clc95	1		They were eating, and I wonder what they were eating.
clc95	0	*	She found out, and I wonder what.
clc95	0	*	They applied yesterday, and I wonder what for.
clc95	1		John is working on War and Peace but I don't know which chapter.
clc95	1		She talked to John or Mary but I don't know which.
clc95	1		She talked to John or Mary but I don't know which one.
clc95	1		She read one of the books but I don't know whose.
clc95	1		She talked to several students but I don't know how many.
clc95	1		She talked to Harry, but I don't know who else.
clc95	1		I will see them, but I don't know how many of them.
clc95	1		Everyone who knows either Susan or Laura likes her.
clc95	0	*	She said she talked to three students but I don't know how many.
clc95	0	*	She said she talked to those students but I don't know how many.
clc95	0	*	She said she talked to few students, but I don't know how many.
clc95	0	*	Everyone said they would come but I don't know how many of them.
clc95	1		He shouted again, but I don't know who to.
clc95	1		She was dancing, but I don't know who with.
clc95	1		She was dancing with somebody, but I don't know who with.
clc95	1		Several firefighters were injured, but it's not known.
clc95	1		Charles was criticized, but I can't remember who by.
clc95	1		Charles was criticized by some students, but I can't remember which ones.
clc95	1		Meg is attracted to somebody, but they don't know who.
clc95	0	*	Meg is attracted to Harry, but they don't know who.
clc95	1		Meg is attracted to somebody, but they don't know who she.
clc95	1		Meg is attracted to Harry, but they don't know who she is attracted to.
clc95	1		Sandy was trying to work out which students would be able to solve a certain problem, but she wouldn't tell us which one.
clc95	1		That certain countries would vote against the resolution has been widely reported, but I'm not sure which ones.
clc95	1		The administration has issued a statement that it is willing to meet with one of the student groups, but I'm not sure which one.
clc95	0	*	Sandy was trying to work out which students would be able to solve a certain problem, but she wouldn't tell us which one.
clc95	0	*	That certain countries would vote against the resolution has been widely reported, but I'm not sure which ones.
clc95	0	*	The administration has issued a statement that it is willing to meet with one of the student groups, but I'm not sure which one.
clc95	0	*	What circumstances will we use force under?
clc95	0	*	What sense is this theory right in?
clc95	1		We are willing to use force under certain circumstances, but we will not say in advance which ones,.
clc95	1		This theory is surely right in some sense; it's just not clear which.
clc95	0	*	John and someone were dancing together, but I don't know who.
clc95	0	*	They persuaded Kennedy and some other senator to jointly sponsor the legislation, but I can't remember which one.
clc95	1		It has been determined that somebody will be appointed; it's just not clear yet who.
clc95	1		Sally asked if somebody was going to fail Syntax One, but I can't remember who.
clc95	1		The TA's have been arguing about whether some student or other should pass, but I can't now remember which one.
clc95	0	*	It has been determined that somebody will be appointed; it's just not clear yet who.
clc95	0	*	Sally asked if somebody was going to fail math class, but I can't remember who.
clc95	0	*	The TA's have been arguing about whether some student or other should pass, but I can't now remember which one.
clc95	1		Sandy is very anxious to see if the students will be able to solve the homework problem in a particular way, but she won't tell us which.
clc95	1		Sandy is very anxious to see if the students will be able to solve the homework problem in a particular way, but she won't tell us in which way.
clc95	1		Clinton is anxious to find out which budget dilemmas Panetta would be willing to tackle in a certain way, but he won't say in which.
clc95	1		Sandy is wondering whether there will be students who have to drop the class for a certain reason, but she won't reveal what.
clc95	0	*	In which way is Sandy very anxious to see if the students will be able to solve the homework problem?
clc95	0	*	In which way is Clinton anxious to find out which budget dilemmas Panetta would be willing to solve?
clc95	0	*	Why is Sandy wondering whether there will be students who have to drop the class?
clc95	1		I know how many homeworks I've graded, but I don't know how many Bill has.
clc95	0	*	What did you leave before they did?
clc95	0	*	What did you leave before they started playing?
clc95	1		Sandy was trying to work out which students would be able to solve a certain problem, but she wouldn't tell us which one.
clc95	1		That certain countries would vote against the resolution has been widely reported, but I'm not sure which ones.
clc95	1		The administration has issued a statement that it is willing to meet with one of the student groups, but I'm not sure which one.
clc95	1		Sandy was trying to work out which students would be able to solve a certain problem.
clc95	1		That certain countries would vote against the resolution has been widely reported.
clc95	1		The administration has issued a statement that it is willing to meet with one of the student groups.
clc95	1		Sandy was trying to work out which students would be able to solve a problem.
clc95	1		The administration has issued a statement that it is willing to meet a student group.
clc95	1		Sandy was trying to work out which students would be able to solve a problem, but she wouldn't tell us which one.
clc95	1		The administration has issued a statement that it is willing to meet a student group, but I'm not sure which one.
clc95	1		I think Agnes said that Bill would speak, but I don't remember what about.
clc95	0	*	Agnes wondered how John could eat but it's not clear what.
clc95	0	*	That Tom will win is likely, but it's not clear which race.
clc95	1		It's likely that Tom will win, but it's not clear which race.
clc95	0	*	Bob found a plumber to fix the sink but it's not clear what with.
clc95	0	*	Tony sent Mo a picture that he painted, but it's not clear with what.
clc95	0	*	Sandy is very anxious to see which students will be able to solve the homework problem, but she won't say how.
clc95	0	*	Clinton is anxious to find out which budget dilemmas Panetta would be willing to tackle, but he won't say how.
clc95	1		We don't know with whom she's been dancing.
clc95	1		She's been dancing but we don't know with whom.
clc95	0	*	Who did they see someone?
c-05	1		John wrote the book.
c-05	1		The book was written by John.
c-05	1		The book was written by John.
c-05	1		The book was written by John.
c-05	1		It was believed by everybody that Mary was a thief.
c-05	1		Danger was sensed by John.
c-05	1		A black smoke was emitted by the radiator.
c-05	1		That professor is feared by all students.
c-05	1		Mary was respected by John.
c-05	1		A copy of Guns, Germs, and Steel has now been received by each member of the incoming class.
c-05	1		Ted was bitten by the lovebug.
c-05	1		I was told that by a little bird.
c-05	1		The book was written by John.
c-05	0	*	The book was by John written.
c-05	1		The book was written by John.
c-05	1		The argument was summed up by the coach.
c-05	0	*	The argument was summed by the coach up.
c-05	1		The paper was written up by John.
c-05	0	*	The paper was written by John up.
c-05	1		John was spoken to by Mary.
c-05	0	*	John was spoken by Mary to.
c-05	1		John has seen the book.
c-05	0	*	The book has seen by Mary.
c-05	1		The book was seen by Mary.
c-05	0	*	John was seen the book.
c-05	0	*	The book was by John written.
c-05	1		Breakfast is eaten nude by the campers.
c-05	1		Breakfast is eaten by the campers nude.
c-05	1		The book was written.
c-05	1		John was spoken to by Mary.
c-05	0	*	John was spoke by Mary to.
c-05	1		The table was wiped clean by John.
c-05	0	*	The table was wiped by John clean.
c-05	1		The metal was hammered flat by John.
c-05	0	*	The metal was hammered by John flat.
c-05	1		Mary was given the book by John.
c-05	0	*	Mary was given by John the book.
c-05	1		I was convinced to leave by John.
c-05	1		I was convinced by John to leave.
c-05	1		John was believed to be telling the truth by Mary.
c-05	1		John was believed by Mary to be telling the truth.
c-05	1		The car was driven to Maine by John.
c-05	1		The car was driven by John to Maine.
c-05	1		The book was given to Mary by John.
c-05	1		The book was given by John to Mary.
c-05	1		It was believed by the students that they would have an exam.
c-05	0	*	The magazines were sent to herself by Mary.
c-05	0	*	Testimony was given about himself by the suspect.
c-05	0	*	Books were sent to each other by the students.
c-05	0	*	Money was hidden from himself by Bill.
c-05	0	*	Chocolate eggs were hidden from each other by the children.
c-05	0	*	Medals were given to themselves by the generals.
c-05	0	*	Medals were given to each other by the generals.
c-05	0	*	Tabs were kept on each other by the agents.
c-05	1		The magazines were sent by Mary to herself.
c-05	1		Testimony was given by the suspect about himself.
c-05	0	*	Money was given to his mother by every boy.
c-05	1		Books were given to no student by any professor.
c-05	1		Chocolate eggs were hidden from no child by any adult.
c-05	1		Tabs were kept on no criminal by any agent.
c-05	1		Books were given to each student by the other.
c-05	1		Chocolate eggs were hidden from each child by the other.
c-05	1		Tabs were kept on each agent by the other.
c-05	1		Books were given to every student by his mother.
c-05	1		Chocolate eggs were hidden from every child by his mother.
c-05	1		Tabs were kept on every agent by his supervisor.
c-05	1		Books were taken from no student by any professor.
c-05	1		Books were taken from no student and given to Mary.
c-05	0	*	Books were taken from no student and given to Mary by any professor.
c-05	1		Books were taken from each student by the other.
c-05	1		Books were taken from each student and given to Mary.
c-05	0	*	Books were taken from each student and given to Mary by the other.
swb04	0	*	We like us.
swb04	1		We like ourselves.
swb04	1		She likes herself.
swb04	1		Nobody likes us.
swb04	0	*	Leslie likes ourselves.
swb04	0	*	Ourselves like us.
swb04	0	*	Ourselves like ourselves.
swb04	1		She voted for her.
swb04	1		She voted for herself.
swb04	1		We voted for her.
swb04	0	*	We voted for herself.
swb04	0	*	We gave us presents.
swb04	1		We gave ourselves presents.
swb04	0	*	We gave presents to us.
swb04	1		We gave presents to ourselves.
swb04	0	*	We gave us to the cause.
swb04	1		We gave ourselves to the cause.
swb04	0	*	Leslie told us about us.
swb04	1		Leslie told us about ourselves.
swb04	0	*	Leslie told ourselves about us.
swb04	0	*	Leslie told ourselves about ourselves.
swb04	1		We think that Leslie likes us.
swb04	0	*	We think that Leslie likes ourselves.
swb04	1		Our friends like us.
swb04	0	*	Our friends like ourselves.
swb04	1		Those pictures of us offended us.
swb04	0	*	Those pictures of us offended ourselves.
swb04	1		We found your letter to us in the trash.
swb04	0	*	We found your letter to ourselves in the trash.
swb04	1		Vote for us!
swb04	0	*	Vote for ourselves!
swb04	0	*	Vote for you!
swb04	1		Vote for yourself!
swb04	1		We appealed to them to vote for themselves.
swb04	1		We appealed to them to vote for us.
swb04	1		We appeared to them to vote for them.
swb04	0	*	We appeared to them to vote for themselves.
swb04	1		We appeared to them to vote for ourselves.
swb04	1		We wrapped the blankets around us.
swb04	1		We wrapped the blankets around ourselves.
swb04	1		We admired the pictures of us in the album.
swb04	1		We admired the pictures of ourselves in the album.
swb04	1		Leslie used a pen.
swb04	1		We put the pigs in a pen.
swb04	1		We need to pen the pigs to keep them from getting into the corn.
swb04	1		They should pen the letter quickly.
swb04	1		The judge sent them to the pen for a decade.
swb04	1		The cheetah will run down the hill.
swb04	1		The president will run.
swb04	1		The car won't run.
swb04	1		This trail should run over the hill.
swb04	1		This dye will run.
swb04	1		This room will run $200 or more.
swb04	1		She can run an accelerator.
swb04	1		They will run the risk.
swb04	1		These stockings will run.
swb04	1		There is a run in that stocking.
swb04	1		We need another run to win.
swb04	1		Fats won with a run of 20.
swb04	1		Lee saw the student with a telescope.
swb04	1		I forgot how good beer tastes.
swb04	1		Visiting relatives can be boring.
swb04	1		If only Superman would stop flying planes!
swb04	1		That's a new car dealership.
swb04	1		I know you like the back of my hand.
swb04	1		An earthquake in Romania moved buildings as far away as Moscow and Rome.
swb04	1		The German shepherd turned on its master.
swb04	1		I saw that gas can explode.
swb04	1		Max is on the phone now.
swb04	1		The only thing capable of consuming this food has four legs and flies.
swb04	1		I saw her duck.
swb04	1		I'm creating a committee. Kim – you're in charge.
swb04	1		Lights go out at ten. There will be no talking afterwards.
swb04	1		They found the book on the table.
swb04	1		They found the book on the atom.
swb04	1		Which withesses testified against defendants who incriminated them?
swb04	1		Which withesses testified against defendants who incriminated themselves?
swb04	1		List all withesses for the defendant who represented himself.
swb04	1		List all withesses for the defendant who represented themselves.
swb04	1		List associates of each withess who speaks Spanish.
swb04	1		List associates of each withess who speak Spanish.
swb04	0	*	We persuaded there to be several students at the talk.
swb04	0	*	They lost themselves' books.
swb04	0	*	Sentences some go on and on.
swb04	1		Some sentences go on and on and on.
swb04	0	*	Sentences some go on and on and on and on.
swb04	1		Some sentences go on and on and on and on and on.
swb04	1		That surprised me.
swb04	0	*	I noticed the.
swb04	1		They were interested in his.
swb04	1		This is my favorite.
swb04	1		A large dog chased a small cat.
swb04	1		A dog with brown spots chased a cat with no tail.
swb04	1		Some people yell at the noisy dogs in my neighborhood.
swb04	1		Some people yell at noisy dogs in my neighborhood.
swb04	1		Some people yell at the dogs in my neighborhood.
swb04	1		Some people yell at the noisy dogs.
swb04	1		Some people yell at the dogs.
swb04	1		Some people yell at noisy dogs.
swb04	1		Some people yell at dogs in my neighborhood.
swb04	1		Some people yell at dogs.
swb04	1		Some people consider the noisy dogs in my neighborhood dangerous.
swb04	1		Some people consider the noisy dogs dangerous.
swb04	1		Some people consider the dogs in my neighborhood dangerous.
swb04	1		Some people consider noisy dogs in my neighborhood dangerous.
swb04	1		Some people consider the dogs dangerous.
swb04	1		Some people consider noisy dogs dangerous.
swb04	1		Some people consider dogs in my neighborhood dangerous.
swb04	1		Some people consider dogs dangerous.
swb04	1		We enjoyed the movie with Cher.
swb04	1		The room was filled with noisy children and animals.
swb04	1		People with children who use drugs should be locked up.
swb04	1		I saw the astronomer with a telescope.
swb04	1		The fool yelled at noon.
swb04	1		This disease gave Leslie a fever in Rome.
swb04	1		A tourist in Rome laughed.
swb04	1		The love of my life and mother of my children would never do such a thing.
swb04	1		The museum displayed no painting by Miro or drawing by Klee.
swb04	1		Most elections are quickly forgotten, but the election of 2000, everyone will remember for a long time.
swb04	1		You asked me to fix the drain, and fix the drain, I shall.
swb04	1		In the morning, they drink tea.
swb04	1		It was a book about syntax that she was reading.
swb04	1		It is study for the exam that I urgently need to do.
swb04	1		It is after lunch that they always fall asleep.
swb04	0	*	Many artists were represented, but painting by Klee or drawing by Miro the museum displayed no.
swb04	0	*	It is painting by Klee or drawing by Miro that the museum displays no.
swb04	1		The defendant denied the accusation.
swb04	1		The problem disappeared.
swb04	0	*	The defendant denied.
swb04	0	*	The teacher disappeared the problem.
swb04	1		The teacher handed the student a book.
swb04	0	*	The teacher handed the student.
swb04	0	*	The teacher handed a book.
swb04	0	*	The teacher handed.
swb04	1		The bird sings.
swb04	1		Birds sing.
swb04	0	*	The bird sing.
swb04	0	*	Birds sings.
swb04	1		The bird devours the worm.
swb04	1		The birds devour the worm.
swb04	0	*	The bird devour the worm.
swb04	0	*	The birds devours the worm.
swb04	1		The bird gives the worm a tug.
swb04	1		The birds give the worm a tug.
swb04	0	*	The bird give the worm a tug.
swb04	0	*	The birds gives the worm a tug.
swb04	1		Terry wallowed in self-pity.
swb04	0	*	Terry wallowed.
swb04	0	*	Terry wallowed the self-pity.
swb04	1		Kerry remarked it was late.
swb04	1		Kerry remarked that it was late.
swb04	0	*	Kerry remarked.
swb04	0	*	Kerry remarked the time.
swb04	1		What additional categories and rules would be required to handle these verbs?
swb04	1		Everyone loves puppies.
swb04	1		Puppies are loved by everyone.
swb04	1		We created a monster.
swb04	1		I have the information.
swb04	1		I have information.
swb04	1		I was already aware of that fact.
swb04	0	*	I was already aware of fact.
swb04	1		I know you.
swb04	0	*	I know the you.
swb04	1		The defendant denies the allegation.
swb04	0	*	The defendant deny the allegation.
swb04	1		The defendants deny the allegation.
swb04	0	*	The defendants denies the allegation.
swb04	1		The defendant walks.
swb04	0	*	The defendant walk.
swb04	1		The defendants walk.
swb04	0	*	The defendants walks.
swb04	1		How many feature structure categories can label the mother node?
swb04	1		How many feature structures categories can label the first daughter?
swb04	1		How many feature structures categories can label the second daughter?
swb04	1		Pat relies on Kim.
swb04	0	*	Pat relies.
swb04	1		The child put the toy on the table.
swb04	0	*	The child put the toy.
swb04	1		The teacher became angry with the students.
swb04	0	*	The teacher became.
swb04	1		The jury believed the withess lied.
swb04	1		The guests devoured the meal.
swb04	0	*	The guests devoured.
swb04	0	*	The guests dined the meal.
swb04	1		The guests dined.
swb04	1		The guests ate the meal.
swb04	1		The guests ate.
swb04	1		We relied on Leslie.
swb04	1		We relied upon Leslie.
swb04	0	*	We relied over Leslie.
swb04	0	*	We relied with Leslie.
swb04	0	*	We relied on top of Leslie.
swb04	0	*	We relied above Leslie.
swb04	1		We celebrated in the streets.
swb04	1		We celebrated in the streets in the rain on Tuesday in the morning.
swb04	1		The children are happy.
swb04	1		The children are happy with the ice cream.
swb04	1		The children are happy that they have ice cream.
swb04	0	*	The children are happy of ice cream.
swb04	0	*	The children are fond.
swb04	0	*	The children are fond with the ice cream.
swb04	0	*	The children are fond that they have ice cream.
swb04	1		The children are fond of ice cream.
swb04	1		A magazine appeared on the newsstands.
swb04	1		A magazine about crime appeared on the newsstands.
swb04	1		Newsweek appeared on the newsstands.
swb04	0	*	Newsweek about crime appeared on the newsstands.
swb04	1		The report surprised many people.
swb04	1		The report that crime was declining surprised many people.
swb04	1		The book surprised many people.
swb04	0	*	The book that crime was declining surprised many people.
swb04	1		The storm arrived after the picnic.
swb04	1		The storm arrived after we ate lunch.
swb04	1		The storm arrived during the picnic.
swb04	0	*	The storm arrived during we ate lunch.
swb04	0	*	The storm arrived while the picnic.
swb04	1		The storm arrived while we ate lunch.
swb04	1		This dog barked.
swb04	0	*	This dogs barked.
swb04	0	*	These dog barked.
swb04	1		These dogs barked.
swb04	1		Much furniture was broken.
swb04	0	*	A furniture was broken.
swb04	0	*	Much chair was broken.
swb04	1		A chair was broken.
swb04	1		They want them arrested.
swb04	1		They preferred them arrested.
swb04	1		We preferred them on our team.
swb04	1		We want them on our team.
swb04	1		With them on our team, we'll be sure to win.
swb04	1		With my parents as supportive as they are, I'll be in fine shape.
swb04	1		Kim walks.
swb04	0	*	We walks.
swb04	1		The child walks.
swb04	0	*	The children walks.
swb04	1		This dog barked.
swb04	0	*	This dogs barked.
swb04	1		A dog barked.
swb04	0	*	A dogs barked.
swb04	0	*	These dog barked.
swb04	1		These dogs barked.
swb04	0	*	Few dog barked.
swb04	1		Few dogs barked.
swb04	1		The dog barked.
swb04	1		The dogs barked.
swb04	1		Much furniture was broken.
swb04	0	*	A furniture was broken.
swb04	0	*	Much chair was broken.
swb04	1		A chair was broken.
swb04	1		I walk and Dana runs.
swb04	1		Two cats and one dog live there.
swb04	1		We like them.
swb04	1		They like us.
swb04	0	*	We like they.
swb04	0	*	Us like them.
swb04	1		Kim likes dogs.
swb04	1		Dogs like Kim.
swb04	1		A rat died yesterday.
swb04	0	*	A rat yesterday died.
swb04	1		The person responsible confessed.
swb04	0	*	The person confessed responsible.
swb04	0	*	The cat slept soundly and furry.
swb04	0	*	The soundly and furry cat slept.
swb04	1		Chris walks, eats broccoli, and plays squash.
swb04	1		Chris walks, Pat eats broccoli, and Sandy plays squash.
swb04	1		There was some particular dog who saved every family.
swb04	1		Every family was saved by some dog or other.
swb04	1		John frightens himself.
swb04	1		Susan frightens her.
swb04	1		Susan told herself a story.
swb04	1		Susan told her a story.
swb04	1		Susan told a story to herself.
swb04	1		Susan told a story to her.
swb04	1		Susan devoted herself to linguistics.
swb04	0	*	Susan devoted her to linguistics.
swb04	1		Nobody told Susan about herself.
swb04	1		Nobody told Susan about her.
swb04	1		Susan thinks that nobody likes herself.
swb04	1		Susan thinks that nobody likes her.
swb04	0	*	That picture of Susan offended herself.
swb04	1		That picture of Susan offended her.
swb04	1		Sandy offended Jason.
swb04	1		He offended Sandy.
swb04	0	*	I enjoy yourself.
swb04	0	*	He enjoys themselves.
swb04	0	*	She enjoys himself.
swb04	1		They talk to themselves.
swb04	1		Nobody told Susan.
swb04	0	*	Nobody told Susan.
swb04	1		Nobody talked to Susan.
swb04	0	*	Nobody talked to Susan.
swb04	1		We compared him.
swb04	1		We compared them.
swb04	1		Protect yourself!
swb04	0	*	Protect you!
swb04	1		I met the person who left.
swb04	1		I met the person who they visited.
swb04	1		Despite their average age, the Charge boasts an experienced roster.
swb04	1		The Cardinal plays Arizona State at 7 p.m Saturday at Stanford.
swb04	1		The picture of Sandy was awesome.
swb04	1		The picture was awesome.
swb04	1		We couldn't find any pictures of Blind Mello Jello.
swb04	1		Leslie slept.
swb04	0	*	Leslie slept the baby.
swb04	0	*	Dana relied.
swb04	0	*	Pat devoured.
swb04	0	*	Chris handed.
swb04	0	*	Chris handed Bo.
swb04	0	*	Chris handed a ticket.
swb04	0	*	We put.
swb04	0	*	We put on the shelf.
swb04	0	*	We put the book.
swb04	1		Dana relied on Hilary.
swb04	1		Pat devoured the sandwich.
swb04	1		Chris handed Bo a ticket.
swb04	1		We put the book on the shelf.
swb04	1		Dana walked and Leslie ran.
swb04	0	*	Dana walking and Leslie ran.
swb04	0	*	Dana walked and Leslie running.
swb04	0	*	Dana walking and Leslie running.
swb04	0	*	the putter of books on the table left.
swb04	0	*	the putter on the table left.
swb04	0	*	the putter of books left.
swb04	1		Sandy porched the newspaper without difficulty.
swb04	1		The senator houdinied his way out of the accusations.
swb04	1		They have been computering me to death all morning.
swb04	1		Jan gave Dale a book.
swb04	1		Jan gave a book to Dale.
swb04	1		Jan handed Dale a book.
swb04	1		Jan handed a book to Dale.
swb04	1		Kris donated a book to the library.
swb04	0	*	Kris donated the library a book.
swb04	1		Dale gave Brooke a hard time.
swb04	0	*	Dale gave a hard time to Brooke.
swb04	1		The police sprayed the protesters with water.
swb04	1		The police sprayed water on the protesters.
swb04	1		The students drove cars.
swb04	1		These cars drive easily.
swb04	1		Pat sneezed.
swb04	1		Pat sneezed the napkin off the table.
swb04	1		The horse kicked me.
swb04	1		The horse kicked me black and blue.
swb04	1		They yelled.
swb04	1		They yelled their way into the meeting.
swb04	1		Kim is standing here.
swb04	1		Sandy has eaten dinner.
swb04	1		The horse raced past the barn fell.
swb04	1		The boat floated down the river sank.
swb04	1		The horse that was raced past the barn fell.
swb04	1		The horse taken to the hospital died.
swb04	1		The boat that was floated down the river sank.
swb04	1		The boat seen down the river sank.
swb04	1		The evidence assembled by the prosecution convinced the jury.
swb04	1		The thief seized by the police turned out to be our cousin.
swb04	1		The evidence that was assembled by the prosecution convinced the jury.
swb04	1		The thief who was seized by the police turned out to be our cousin.
swb04	1		Lou forgot the umbrella.
swb04	1		Lou forgot the umbrella was broken.
swb04	1		Lou forgot the umbrella in the closet.
swb04	1		Lou hoped the umbrella was broken.
swb04	0	*	Lou hoped the umbrella in the closet.
swb04	0	*	Lou put the umbrella was broken.
swb04	1		Lou put the umbrella in the closet.
swb04	1		Dana learned the umbrella was broken.
swb04	1		Dana learned a new theorem in class.
swb04	1		The artist drew the child with a pencil.
swb04	1		Lynn likes the hat on the shelf.
swb04	1		The artist drew the child with a bicycle.
swb04	1		Lynn bought the hat on the shelf.
swb04	1		The dog bit the cat.
swb04	1		The cat was bitten by the dog.
swb04	1		The cat was bitten.
swb04	0	*	The cat was bitten the mouse.
swb04	0	*	The cat was bitten the mouse by the dog.
swb04	1		Pat handed Chris a note.
swb04	1		Chris was handed a note by Pat.
swb04	0	*	Chris was handed Sandy a note by Pat.
swb04	1		Chris was handed a note.
swb04	0	*	Chris was handed Sandy a note.
swb04	1		TV puts dumb ideas in children's heads.
swb04	1		Dumb ideas are put in children's heads by TV.
swb04	1		Dumb ideas are put in children's heads.
swb04	0	*	Dumb ideas are put notions in children's heads.
swb04	0	*	Dumb ideas are put notions in children's heads by TV.
swb04	1		The patient died.
swb04	0	*	The patient was died by the doctor.
swb04	0	*	The patient was died.
swb04	0	*	The doctor died the patient.
swb04	0	*	Pat handed Chris.
swb04	0	*	Chris was handed by Pat.
swb04	0	*	Chris was handed.
swb04	1		Pat handed Chris a note.
swb04	1		Chris was handed a note by Pat.
swb04	1		Chris was handed a note.
swb04	1		TV puts dumb ideas into their heads.
swb04	1		Dumb ideas are put into their heads by TV.
swb04	1		Dumb ideas are put into their heads.
swb04	0	*	TV puts dumb ideas.
swb04	0	*	Dumb ideas are put.
swb04	0	*	Dumb ideas are put by TV.
swb04	1		He was arrested by the police.
swb04	0	*	Him was arrested by the police.
swb04	1		The cat got bitten.
swb04	1		The cat got bitten by the dog.
swb04	1		Liked by many people but respected by few, Jean will have to run an aggressive reelection campaign.
swb04	1		Anyone handed a note will be watched closely.
swb04	1		The cat was bitten by the dog.
swb04	0	*	The cat were bitten by the dog.
swb04	1		There are storm clouds gathering.
swb04	1		There is a monster in Loch Ness.
swb04	1		It is obvious that Pat is lying.
swb04	1		The FBI is keeping close tabs on Pat.
swb04	1		Pat is on the roof.
swb04	1		Pat is the captain of the team.
swb04	1		Pat is fond of Chris.
swb04	1		Pat is singing the blues.
swb04	0	*	Pat is likes Chris.
swb04	0	*	Pat is hate Chris.
swb04	0	*	Pat is mere.
swb04	1		There is a unicorn in the garden.
swb04	1		There were many people fond of Pat.
swb04	1		There are people looking through the window.
swb04	1		There was a felon elected to the city council.
swb04	1		There is a seat available.
swb04	0	*	A seat available was in the last row.
swb04	0	*	Pat took a seat available.
swb04	0	*	I looked for a seat available.
swb04	1		A unicorn is in the garden.
swb04	1		Many people were fond of Pat.
swb04	1		People are looking through the window.
swb04	1		A felon was elected to the city council.
swb04	0	*	There loved Sandy.
swb04	0	*	Merle gave there a book.
swb04	0	*	We talked to them about there.
swb04	1		That the Giants had lost really mattered.
swb04	1		That the Giants had lost mattered.
swb04	1		It really mattered that the Giants had lost.
swb04	1		It mattered that the Giants had lost.
swb04	1		That dogs bark annoys people.
swb04	1		It annoys people that dogs bark.
swb04	1		That Chris knew the answer occurred to Pat.
swb04	1		That Chris knew the answer never occurred to Pat.
swb04	1		It never occurred to Pat that Chris knew the answer.
swb04	1		It occurred to Pat that Chris knew the answer.
swb04	1		That the Cardinal won the game gave Sandy a thrill.
swb04	1		It gave Sandy a thrill that the Cardinal won the game.
swb04	1		That the media discuss celebrities' sex lives discomfits many Americans.
swb04	1		It discomfits many Americans that the media discuss celebrities' sex lives.
swb04	1		That the Giants lost the series sucks.
swb04	1		It sucks that the Giants lost the series.
swb04	1		That the Giants lost the series bites.
swb04	1		It bites that the Giants lost the series.
swb04	0	*	That Pat is innocent proves.
swb04	1		It proves that Pat is innocent.
swb04	0	*	That Sandy had lied suggested.
swb04	1		It suggested that Sandy had lied.
swb04	0	*	It loved Sandy.
swb04	0	*	I gave it to Pat.
swb04	1		Cohen proved the independence of the continuum hypothesis.
swb04	1		Cohen proved that the continuum hypothesis was independent.
swb04	1		We forgot our invitations.
swb04	1		We forgot that we needed invitations.
swb04	1		Nobody saw Pat.
swb04	1		Nobody saw that Pat had arrived.
swb04	1		That Fido barks annoys me.
swb04	1		Fido barks.
swb04	1		Carrie kicked the bucket last night.
swb04	1		The FBI kept tabs on Sandy.
swb04	1		The candidates take advantage of the voters.
swb04	1		Chris dreads the bucket.
swb04	1		The police put tabs on undocumented workers.
swb04	1		The candidates bring advantage to the voters.
swb04	1		Tabs are kept on suspected drug dealers by the FBI.
swb04	1		Advantage is taken of every opportunity for improvement.
swb04	1		The bucket was kicked by Pat.
w-80	1		John is sad.
w-80	1		John ate the meat raw.
w-80	1		John ate the meat nude.
w-80	1		John made Bill mad.
w-80	1		John loaded the wagon full with hay.
w-80	1		John loaded the hay into the wagon green.
w-80	0	*	John loaded the wagon with hay green.
w-80	0	*	John loaded the hay into the wagon full.
w-80	1		I presented it to John dead.
w-80	0	*	I presented John with it dead.
w-80	1		John thinks of Bill as silly.
w-80	1		Bill was thought of as silly.
w-80	1		Who do you think of as silly?
w-80	1		Of whom are you thinking?
w-80	0	*	Of whom do you think as silly?
w-80	1		John became rich.
w-80	1		I gave John gold apples.
w-80	1		how silly is Bill considered?
w-80	1		how mad was Bill made?
w-80	1		John made Bill sick.
w-80	1		John left nude.
w-80	1		John is sick.
w-80	1		John left singing.
w-80	1		John is near Larry.
w-80	1		John gave Bill the dog dead.
w-80	1		John became sick.
w-80	1		John made Bill sick.
w-80	1		John strikes Bill as stupid.
w-80	0	*	Bill was struck by John as stupid.
w-80	0	*	John was struck as sick.
w-80	1		John was struck by Bill's pomposity.
w-80	1		John arrived dead.
w-80	1		John promised Bill to leave.
w-80	1		John persuaded Bill to leave.
w-80	1		John tried to leave.
w-80	1		John died waiting for a bus.
w-80	1		to leave would be John's pleasure.
w-80	1		For John to leave would be my pleasure.
w-80	1		To leave would be a pleasure.
w-80	1		John died nude.
w-80	1		John promised Bill to be examined.
w-80	0	*	John was struck by Bill as pompous.
w-80	0	*	John was promised by Bill to leave.
w-80	1		John was struck by Bill's pomposity.
w-80	1		John was promised.
w-80	1		John was promised the book.
w-80	1		They make good cooks.
w-80	0	*	Good cooks are made by them.
w-80	1		John left nude.
w-80	1		John is sick.
w-80	1		what to do is a mystery.
w-80	1		what to do is a mystery to John.
w-80	1		there is nothing to do.
w-80	1		John has something to do.
w-80	1		John has something for Bill to do.
w-80	0	*	I wondered what Bill to do.
w-80	1		I am counting on Bill to perjure himself.
w-80	1		On whom are you counting to perjure himself?
w-80	1		I am counting on Bill to get there on time.
w-80	1		I am counting on you for Mary to get there on time.
w-80	1		John wants to win.
w-80	1		John wants for Bill to win.
w-80	1		I would hate to leave.
w-80	1		I would prefer to leave.
w-80	1		I arranged to leave.
w-80	1		I would hate for John to leave.
w-80	1		I would prefer for John to leave.
w-80	1		I arranged for Pete to leave.
w-80	1		It was arranged to have dinner at 6.
w-80	1		It was preferred to have dinner at 6.
w-80	0	*	It was hated for John to leave.
w-80	1		It was decided to have dinner at 6.
w-80	0	*	John decided for Bill to get the prize.
w-80	0	*	John decided Bill to get the prize.
w-80	1		It was decided by the committee to have dinner at 6.
w-80	1		to die is no fun.
w-80	1		John wants to leave.
w-80	1		it is important to John to leave.
w-80	1		I want to leave.
w-80	1		to leave would be my pleasure.
w-80	1		it is important to me to leave.
w-80	1		John counted on Bill to get there on time.
w-80	1		I bought a book to read.
w-80	1		I bought Bill a book to read.
w-80	1		John told Mary that it would be important to leave early.
w-80	1		John told Mary that it was important to Fred to leave early.
w-80	1		John, told Mary that it would be appropriate to leave together.
w-80	0	*	John promised Mary to leave together.
w-80	1		I want to meet at 6.
w-80	0	*	I will try to meet at 6.
w-80	0	*	John's arrival dead surprised me.
w-80	0	*	the arrival of John dead surprised me.
w-80	0	*	the election of John president surprised me.
w-80	1		John's arriving dead surprised me.
w-80	1		John's attempt to leave surprised me.
w-80	1		the attempt by John to leave surprised me.
w-80	1		any attempt to leave surprises me.
w-80	1		John left orders to follow Pete.
w-80	1		John left us orders to follow Pete.
w-80	1		John left orders not to be disturbed.
w-80	1		John left orders for Bill not to leave.
w-80	1		It is clear that he is here.
w-80	1		That he is here is clear.
w-80	1		It is a problem that he is here.
w-80	1		It bothers me that he is here.
w-80	0	*	John's reluctance is clear that he is here.
w-80	1		It is upsetting, the way he goes on that he won't help.
w-80	1		John considers it clear that Bill is here.
w-80	1		John saw to it that Bill had a good time.
w-80	1		John regretted it that Bill had a good time.
w-80	0	*	John believes it that Bill is here.
w-80	0	*	John believes it sincerely that Bill is here.
w-80	0	*	John is aware of it that Bill is here.
w-80	0	*	John stated it succinctly that he was leaving.
w-80	0	*	John felt it that Bill was tardy.
w-80	1		It was felt that Bill was tardy.
w-80	0	*	John believed it that Bill was tardy.
w-80	1		It was believed that Bill was tardy.
w-80	0	*	John's reluctance seems.
w-80	0	*	That John is reluctant seems.
w-80	1		John seems t to be here.
w-80	0	*	It is the problem that he is here.
w-80	1		It is a problem that he is here.
w-80	1		That he is here is the problem.
w-80	1		The problem we are discussing is George.
w-80	1		To leave is to give up.
w-80	0	*	It is to give up to leave.
w-80	0	*	It proves that John was lying that he left town.
w-80	1		Many people said they were sick who weren't.
w-80	1		It's that John won't help that bothers me.
w-80	1		It would prove our theory to be untenable for carrots to be vegetables.
w-80	0	*	It is to give up to leave.
w-80	0	*	It is the problem that he is here.
w-80	0	*	It is believed to be the problem that he is here.
w-80	1		That John is here seems to be believed to be the problem.
w-80	0	*	It seems to be believed to be the problem that John is here.
w-80	0	*	It is believed to have been shown that Extraposition is cyclic, but it isn't that VP Deletion is.
w-80	1		It is believed that Extraposition is cyclic, but it isn't that VP Deletion is.
w-80	1		It is believed to be true by everyone that Extraposition is cyclic.
w-80	0	*	It was believed to be illegal by them to do that.
w-80	1		John grudgingly accepted judgments of his incompetence as an auto mechanic.
w-80	1		It was John that I saw.
w-80	1		It was to John that I gave the book.
w-80	1		I bought it to read.
w-80	1		I bought it dead.
w-80	1		I bought it to give to Pete.
w-80	1		I gave it to Pete dead.
w-80	1		I gave it to Pete to take to the fair.
w-80	0	*	I gave Pete the book to impress.
w-80	1		I wrote a letter to Bill to read.
w-80	1		I wrote to Bill.
w-80	0	*	I wrote to Bill to read.
w-80	1		I presented it to Bill to read.
w-80	0	*	I presented Bill with it to read.
w-80	1		It was bought to read.
w-80	1		I gave a book to Bill to read.
w-80	1		The book was bought by Bill to read.
w-80	1		I bought it to read.
w-80	1		I bought Bill a book to read.
w-80	1		I bought it to read.
w-80	1		I bought it for Bill to read.
w-80	1		I bought it to hold books.
w-80	1		I bought it to hold books.
w-80	1		John is proud that there are pictures of himself here.
w-80	1		John thinks that it is appropriate for there to be a picture of himself in the corridor.
w-80	0	*	John thinks it would upset himself to die.
w-80	1		John thinks it would upset himself to die.
w-80	1		John made Bill mad at himself.
w-80	1		John made Bill master of himself.
w-80	1		John made Bill be mad at himself.
w-80	1		The correspondence school made Bill a good typist.
w-80	1		The correspondence school sent Bill a good typist.
w-80	1		John considers Bill silly.
w-80	1		John considers Bill to be silly.
w-80	0	*	John bought a dog for himself to play with.
w-80	1		John arranged for himself to get the prize.
w-80	0	*	John knew that the book for himself to read was Parnell.
w-80	1		John knew that for himself to be there would cause problems.
w-80	1		A picture of himself frightened John.
w-80	1		John talked to Bill about himself.
j-71	1		Max ate the apple and Sally the hamburgers.
j-71	1		Ivan plays krummhorn, Boris fluegelhorn, and Schwarz bassethorn.
j-71	1		Jack hates Sue and is loved by Mary.
j-71	1		Vera sent a baby alligator to Max and a leather dinosaur to Phyllis.
j-71	1		Mary is believed to be, and Sue definitely is, pregnant.
j-71	0	*	Dolores gave incriminating evidence about Harry to the FBI, and Frank sent to his mother-in-law.
j-71	1		Sam plays the sousaphone, and Max the saxophone.
j-71	1		Either Sam plays the sousaphone or Jekyll the heckelphone.
j-71	1		Sam doesn't play sousaphone, nor Medusa sarrussophone.
j-71	0	*	Bill ate the peaches, but Harry the grapes.
j-71	0	*	Sam played tuba whenever Max sax.
j-71	0	*	McTavish plays bagpipe despite the fact that McCawley the bassoon.
j-71	1		I no more could have stolen that steak than Jack the diamonds.
j-71	1		Bill ate more peaches than Harry did grapes.
j-71	1		Bill ate the peaches and Harry the grapes.
j-71	0	*	Bill ate the peaches and Harry did the grapes.
j-71	0	*	Tom will smoke the grass, and Reuben has the hash.
j-71	1		John has written the words, and Paul the music.
j-71	0	*	John has written the words, and Paul has the music.
j-71	1		If the ants were called elephants and elephants ants, I'd be able to squash an elephant.
j-71	0	*	Simon quickly dropped the gold, and Jack suddenly the diamonds.
j-71	0	*	Max sometimes beats his wife, and Ted frequently his dog.
j-71	1		are quickly drops and sometimes beats, not just dropped and beats:.
j-71	1		Simon quickly dropped the gold, and Jack the diamonds.
j-71	1		Max sometimes beats his wife, and Ted his dog.
j-71	1		I didn't eat fish, Bill didn't eat rice, and Harry didn't eat roast beef.
j-71	0	*	I didn't eat fish, Bill rice, and Harry roast beef.
j-71	1		Bill past neg eat the peaches, nor Harry past eat the grapes.
j-71	1		John writes poetry in the garden, and Max in the bathroom.
j-71	1		Charlie went into the bedroom at 5:30, and Lola at 5:31.
j-71	0	*	I want Bob to shave himself, and Mary to wash himself.
j-71	0	*	Bill is depending on Harry to find the way to the party, and Sue to find the way home.
j-71	1		Bob tried to wash himself, and Mary to read the funnies.
j-71	1		Arizona elected Goldwater Senator, and Pennsylvania, Schweiker.
j-71	1		Max writes poetry in the bathroom, and Schwarz radical pamphlets.
j-71	1		Maytag will give a brand new dryer to the winner of the Mrs. Albania contest, and General Electric, four hundred light bulbs.
j-71	1		Ralph told Dick Deadeye that Little Buttercup sold treacle, and Sir.
j-71	1		Jack begged Elsie to get married, and Wilfred, Phoebe.
j-71	1		Harry told Sue that Albania is a lovely place for a vacation, and Tom told Sally that Albania is a lovely place for a vacation.
j-71	1		Harry told Sue that Albania is a lovely place for a vacation, and Tom.
j-71	1		Harry told Sue, and Tom Sally, that Albania is a lovely place for a vacation.
j-71	1		Max seemed to be trying to begin to love Harriet, and Fred to be trying to begin to love Sue.
j-71	1		Max seemed to be trying to force Ted to leave the room, and Walt, Ira.
j-71	0	*	Max seemed to be trying to force Ted to leave the room, and Walt to stay a little longer.
j-71	0	*	Arizona elected Goldwater Senator, and Massachusetts, McCormack.
j-71	0	*	Millie will send the President an obscene telegram, and Paul, the Secretary a rude letter.
j-71	0	*	Schachter informed Haj that Tagalog is VOS, and Goddard George that Algonkian is OVS.
j-71	0	*	Frank forced Tom to shave himself, and Sam, Harry to watch.
j-71	0	*	Willy put the flowers in a vase, and Charlie the book on the table.
j-71	0	*	Maytag will give a brand-new dryer to the winner of the Mrs.
j-71	1		Arizona elected Goldwater Senator and Massachusetts McCormack.
j-71	1		Arizona elected Goldwater Senator and McCormack Congressman.
j-71	0	*	Bill ate the peaches, and Harry.
j-71	1		Bill ate the peaches, and Harry, too.
j-71	1		Either Bill ate the peaches, or Harry.
j-71	0	*	Bill didn't eat the peaches, nor Harry.
j-71	1		Bill ate the peaches, and Harry did, too.
j-71	1		Either Ivan will write the play, or Boris will.
j-71	1		Tom hasn't smoked the grass, nor has Reuben.
j-71	1		Frank may have told Chet, and Joe may have, too.
j-71	0	*	Bill must quickly eat the peaches, and Harry must slowly.
j-71	1		Bill must quickly eat the peaches, and Harry must, too.
j-71	1		Charlie will leave town if his mother-in-law doesn't.
j-71	1		Whenever Russia has made a major political blunder, the U.S. has too.
j-71	1		Tom swam the English Channel because he believed that Suzy ex.
j-71	1		Anyone who can, should show me how to wiggle my ears.
j-71	1		If he hasn't yet, John should try to climb the Eiffel Tower.
j-71	1		Bill's story about Sue and Max's about Kathy both amazed me.
j-71	1		I bought three quarts of wine and two of Clorox.
j-71	1		Scientists at the South Hanoi Institute of Technology have succeeded in raising one dog with five legs, another with a cow's liver, and a third with no head.
j-71	1		Bill's story about Sue may be amazing, but Max's is virtually incredible.
j-71	1		I like Bill's yellow shirt, but not Max's.
j-71	1		I like Bill's wine, but Max's is even better.
j-71	0	*	I like Bill's new wine, but Max's old is even better.
j-71	1		Bill's funny story about Sue and Max's about Kathy both amazed me.
j-71	0	*	Bill's funny story about Sue and Max's boring about Kathy both amazed me.
j-71	1		Bill's funny story about Sue and Max's boring one about Kathy both amazed me.
j-71	1		Bill's wine from France and Ted's from California cannot be compared.
j-71	1		We may safely disregard both Nixon's assurances to us that the war will end and Agnew's that we are incapacitated.
j-71	0	*	As a teacher, you have to deal simultaneously with the administration's pressure on you to succeed, and the children's to be a nice guy.
j-71	0	*	Ormandy's recording of Ives' 1st on Columbia and Von Karajan's of Beethoven's 6th are my favorite.
j-71	0	*	I was astounded by Sam's stunning defeat of Ira in the chess tournament, and Walt's of Willy in the hopscotch contest.
j-71	1		Either Ted's gin from New Jersey or Bill's from Iowa will satisfy the uneducated palates of our guests.
j-71	1		Neither Szell's recording of Beethoven's 6th on Columbia nor Klemperer's on Angel has the right tempo.
j-71	0	*	Tureck's performance of Bach on the piano doesn't please me anywhere as much as Landowska's on the harpsichord.
j-71	0	*	Tom's dog with one eye attacked Frank's with three legs.
j-71	0	*	I borrowed Fred's diagram of a snake's fang because Steve's of a spider's eye had been stolen.
j-71	0	*	Because Steve's of a spider's eye had been stolen, I borrowed Fred's diagram of a snake's fang.
j-71	1		Neither Szell's recording of Beethoven's 6th on Columbia nor Klemperer's has the right tempo.
j-71	1		Tureck's performance of Bach on the piano doesn't please me as much as Glenn Gould's.
j-71	1		Tom's dog with one eye attacked Fred's.
j-71	1		I borrowed Fred's diagram of a snake's eye because Steve's had been stolen.
j-71	1		Jerry attempted to blow up the Pentagon.
j-71	1		Jerry's attempt to blow up the Pentagon.
j-71	1		So fast did he run that nobody could catch him.
j-71	1		Bill bought a red house, and Max bought one too.